environment,max_steps,episodes,avg_steps_episode,avg_rewards_episode,model_load_s,action_latency_ms
CustomCartPoleContinuous-v0,1000,10,930,929.0,2.5208349227905273,0.5888362233682392
HopperBulletEnv-v0,1000,10,1000,2742.055516672154,2.9622418880462646,1.3157948359354836
LunarLanderContinuous-v2,1000,10,206,240.5023900801497,4.242965936660767,0.8853737103689858
MountainCarContinuous-v0,1000,10,68,93.88523969036277,3.7870841026306152,0.901733930917399
Pendulum-v0,1000,10,201,-163.97297241904153,4.1736719608306885,1.1280858516693115
