environment,max_steps,episodes,avg_steps_episode,avg_rewards_episode,model_load_s,action_latency_ms
CustomCartPoleContinuous-v0,1000,10,1000,999.0,0.015259742736816406,0.05210145219071611
HopperBulletEnv-v0,1000,10,28,-330.8653198129479,0.004975080490112305,0.1514062394190879
LunarLanderContinuous-v2,1000,10,69,-770.3745843667517,0.004719257354736328,0.1053391229006766
MountainCarContinuous-v0,1000,10,1000,nan,0.003294229507446289,0.038282315174977224
Pendulum-v0,1000,10,201,-168.21201832936714,0.0040340423583984375,0.0636061429977417
