name,r,expression,traversal
Keijzer-1,-0.012092762765856259,sin(sin(5.84996927864842*cos(x1) - 2.5711343120333803) + 1.3813851680823206) - 0.9291023426076578,"add,sin,add,sin,add,mul,cos,x1,5.84996927864842,-2.5711343120333803,1.3813851680823206,-0.9291023426076578"
